id,kind,group,tag,variant,runtime,protection,success,transaction-result,server-avg-mem,server-peak-mem
0,default,basic,scenario-1-benign,benign,256546,none,true,,6307840,9814016
1,default,basic,scenario-1-benign,benign,104507,static-analysis,false,,5419008,6299648
2,default,basic,scenario-1-benign,benign,460920,coarse-sandbox,true,deny,5464064,5955584
3,default,basic,scenario-1-benign,benign,1828003,hybrid,true,,11206656,13135872
4,default,basic,scenario-1-problem,problem,205782,none,true,,6279168,9838592
5,default,basic,scenario-1-problem,problem,155046,static-analysis,false,,5619712,6328320
6,default,basic,scenario-1-problem,problem,511560,coarse-sandbox,true,deny,5517312,5718016
7,default,basic,scenario-1-problem,problem,1879622,hybrid,false,,11350016,13152256
8,default,basic,scenario-2-benign,benign,155085,none,true,,5685248,6590464
9,default,basic,scenario-2-benign,benign,155032,static-analysis,true,,5480448,6053888
10,default,basic,scenario-2-benign,benign,313295,coarse-sandbox,true,approve,5513216,5693440
11,default,basic,scenario-2-benign,benign,155005,hybrid,true,,6590464,8531968
12,default,basic,scenario-2-problem,problem,660477,none,true,,8683520,10706944
13,default,basic,scenario-2-problem,problem,256119,static-analysis,false,,7458816,10784768
14,default,basic,scenario-2-problem,problem,1318362,coarse-sandbox,true,approve,5361664,5500928
15,default,basic,scenario-2-problem,problem,306954,hybrid,false,,8421376,12570624
16,git,basic,scenario-3-benign,benign,1268221,none,true,,8626176,10121216
17,git,basic,scenario-3-benign,benign,1318627,static-analysis,true,,8683520,10031104
18,git,basic,scenario-3-benign,benign,1569971,coarse-sandbox,true,approve,5619712,6070272
19,git,basic,scenario-3-benign,benign,8015566,hybrid,true,,12488704,13611008
20,git,basic,scenario-3-problem,problem,1723935,none,true,,8654848,10027008
21,git,basic,scenario-3-problem,problem,154940,static-analysis,false,,5521408,6406144
22,git,basic,scenario-3-problem,problem,2292751,coarse-sandbox,true,approve,5681152,6193152
23,git,basic,scenario-3-problem,problem,18214332,hybrid,false,,12562432,13496320
